firstName,surname,yearOfBirth,monthOfBirth,dateOfBirth,studentNo,FirstRegistrationYear,courseNo
Guinna,Jorck,1967,4,8,50000,2018,3333
Isac,Janeway,2003,9,2,50003,2017,5555
Janela,Oxx,1953,5,4,50006,2015,3333
Cord,Hansana,1960,12,24,50009,2019,7777
Isidora,Wilcock,1960,7,7,50012,2015,5555
Carlo,Thurlby,1983,5,6,50015,2019,5555
Gertrude,Casetta,1982,9,26,50018,2020,5555
Mady,Culleford,1996,2,24,50021,2017,3333
Jenny,Sowersby,2005,6,27,50024,2016,7777
Elke,Kerkham,1995,9,15,50027,2020,3333
Rori,Metzel,1984,12,11,50030,2021,7777
Bronson,Kobpal,1970,2,25,50033,2016,7777
Lorrie,Tomsa,1961,1,8,50036,2020,5555
Perry,Punter,1986,6,14,50039,2018,3333
Scot,Linnard,1952,3,25,50042,2020,7777
Sophia,De Laci,1973,3,15,50045,2015,7777
Jessey,Creffield,1976,1,23,50048,2019,3333
Pammie,Sandy,1950,11,2,50051,2021,5555
Corinna,Gommey,1973,12,22,50054,2018,3333
Warren,Muslim,1979,1,8,50057,2021,7777
Alana,Sherman,1958,3,6,50060,2015,7777
Viva,Tebbutt,1965,7,27,50063,2021,7777
Ardenia,Josefson,1964,4,26,50066,2015,7777
Donia,Caddies,1954,9,16,50069,2018,3333
Darya,Lovick,1982,9,5,50072,2021,7777
Muffin,Jozefiak,1992,5,2,50075,2018,3333
Corette,Lidstone,1982,4,25,50078,2016,7777
Shelden,Overbury,1997,6,26,50081,2018,5555
Ragnar,Esmond,1985,3,28,50084,2017,3333
Millie,Genicke,1974,1,7,50087,2019,5555
Emera,Shiel,1957,5,22,50090,2015,7777
Carry,Lepper,1952,7,14,50093,2018,3333
Chloris,MacCombe,1976,1,24,50096,2016,5555
Fina,Angove,2004,2,14,50099,2017,3333
Bridgette,Luck,1974,3,21,50102,2018,3333
Karim,Whyman,1967,2,23,50105,2016,7777
Ermentrude,Becken,1986,4,14,50108,2016,5555
Elisabet,Creffeild,1989,5,11,50111,2020,3333
Jemmie,Kieff,1991,7,3,50114,2020,5555
Kerstin,Swinden,1954,9,22,50117,2018,3333
Stillmann,Blei,1983,1,28,50120,2017,3333
Chastity,Stove,1983,1,15,50123,2021,5555
Joanna,Derell,1995,6,23,50126,2017,3333
Joceline,Portis,1975,6,5,50129,2020,3333
Fairlie,Chiplin,1957,5,25,50132,2021,7777
Paolina,Maclean,1972,6,12,50135,2018,5555
Elianora,Greedyer,1966,7,8,50138,2016,3333
Gertrude,Bellis,1957,10,6,50141,2017,7777
Chrystal,Danzelman,1991,4,11,50144,2018,7777
Martina,Colbert,1970,4,19,50147,2021,7777
Norman,Skokoe,1969,4,22,50150,2019,5555
Reiko,Gorries,1952,2,1,50153,2021,7777
Wendel,Retchless,2001,9,26,50156,2018,5555
Nonie,Carous,1993,10,18,50159,2016,5555
Davon,Prayer,1984,9,2,50162,2017,3333
Gerda,Manklow,1995,4,28,50165,2019,3333
Morena,Thurborn,1981,4,1,50168,2016,5555
Analiese,Ellins,2001,7,19,50171,2017,7777
Teodoro,Conkay,1952,5,28,50174,2020,5555
Rana,Lamb,1957,2,24,50177,2018,5555
Chanda,Leather,1965,2,16,50180,2016,7777
Dugald,O'Loinn,1952,4,21,50183,2018,5555
Phelia,Bembridge,2002,7,12,50186,2017,5555
Kendre,West-Frimley,1964,5,8,50189,2017,7777
Stepha,Domek,1959,9,3,50192,2015,5555
Baudoin,Marcinkus,1995,1,11,50195,2020,3333
Pepita,Renihan,1987,8,21,50198,2016,3333
Blanch,Fernehough,1960,9,7,50201,2018,3333
Jody,Buxy,1989,6,24,50204,2016,7777
Leese,Hoodlass,1954,11,28,50207,2017,5555
Noel,Hewlings,1982,8,22,50210,2018,5555
Tara,Twelve,2003,5,4,50213,2020,5555
Cart,Peiser,1981,9,4,50216,2017,5555
Corney,Spary,1967,3,9,50219,2015,5555
Brewster,Gunnell,1956,1,8,50222,2016,5555
Alexia,Bodill,1990,8,2,50225,2019,3333
Madelle,Nuss,1957,11,27,50228,2018,7777
Ashbey,Gundry,1973,8,21,50231,2020,3333
Jacinda,Billyard,1997,2,1,50234,2016,3333
Ali,Domanek,1957,8,26,50237,2018,5555
Odele,Balsillie,1981,12,5,50240,2018,0000
Jacki,Willison,2000,9,2,50243,2018,3333
Buck,Mountlow,1996,12,17,50246,2015,5555
Merilee,Dosdell,1996,9,7,50249,2015,3333
Purcell,Penrice,1984,10,14,50252,2021,3333
Aleda,Symms,1984,7,21,50255,2019,7777
Massimo,Tulloch,1981,1,26,50258,2017,5555
Madelle,Radbourne,1995,6,1,50261,2020,3333
Gerardo,Outerbridge,1989,11,9,50264,2015,3333
Humphrey,Beldan,1956,7,4,50267,2019,3333
Hermia,Temby,1976,1,22,50270,2020,7777
Lyndsie,Rainy,1971,6,2,50273,2019,5555
Andreana,Raigatt,1989,12,24,50276,2018,5555
Montgomery,Marty,1963,12,26,50279,2015,7777
Seka,Galle,2000,12,3,50282,2017,5555
Cash,Menauteau,1985,3,5,50285,2021,7777
Margaretta,Grisdale,1993,12,8,50288,2016,5555
Cordie,Verlinden,2001,4,21,50291,2020,3333
Hatti,Cossins,2001,4,17,50294,2015,5555
Hatti,Berthouloume,1951,4,27,50297,2019,7777
Merrie,Stancliffe,2003,3,19,50300,2020,5555
Emanuel,Bouch,1951,2,4,50303,2015,3333
Gregory,Ligerton,1951,12,8,50306,2015,7777
Dee dee,Wallworth,1984,9,3,50309,2017,5555
Mathilde,Wherrett,1951,4,18,50312,2016,7777
Marie,O'Spellissey,1997,1,3,50315,2021,3333
Llewellyn,Jewitt,2002,2,5,50318,2015,3333
Finley,Macellar,1982,10,14,50321,2017,5555
Marie,Tampling,1988,2,19,50324,2016,7777
Ric,Nattriss,1983,9,7,50327,2016,5555
Sheffield,Blanque,2002,7,12,50330,2017,3333
Phedra,Gorbell,1980,7,27,50333,2021,5555
Hussein,Tantum,1963,8,19,50336,2019,5555
Blithe,Crinidge,1959,4,15,50339,2015,5555
Rosalind,Cordoba,1979,8,7,50342,2018,5555
Doyle,Nel,1985,8,28,50345,2019,5555
Nona,O'Daly,1959,2,13,50348,2016,5555
Bobinette,Keeting,1956,8,3,50351,2018,7777
Catherin,Kembery,1957,9,16,50354,2018,5555
Jodi,oldey,1975,7,3,50357,2015,7777
Josefa,Brazener,1993,10,12,50360,2019,3333
Brietta,O'Geneay,1975,7,23,50363,2015,7777
Sig,Downer,1997,4,12,50366,2015,7777
Paige,Gartsyde,2004,6,12,50369,2016,5555
Karmen,Whyte,2000,6,13,50372,2018,3333
Nellie,Keaysell,1993,4,3,50375,2016,5555
Masha,Greeveson,1992,4,19,50378,2015,7777
Elke,Abele,1995,5,21,50381,2016,7777
Tallia,Marks,1992,1,27,50384,2017,7777
Jonas,Lindell,2004,1,15,50387,2017,7777
Tim,Whetson,2002,11,23,50390,2016,7777
Fremont,Hartwell,1966,10,4,50393,2020,7777
Garreth,Huntingford,1969,8,23,50396,2019,5555
Jud,Huntress,1997,4,3,50399,2015,7777
Sidonia,Latliff,2000,7,18,50402,2020,5555
Barrett,Yglesia,1995,1,4,50405,2016,3333
Hubert,Mitkov,1970,11,7,50408,2020,3333
Eleonore,Gook,2001,3,24,50411,2020,5555
Kari,Swalwel,1968,2,10,50414,2021,3333
Clemens,Espadas,1950,12,4,50417,2018,5555
Marybeth,Eddy,1968,1,15,50420,2019,5555
Bell,Denis,1979,12,25,50423,2016,5555
Stanford,Daburn,1993,9,8,50426,2015,7777
Bernette,Cristoferi,1977,9,8,50429,2019,3333
Gonzales,Brastead,1968,2,5,50432,2018,5555
Lind,Fuchs,1995,2,7,50435,2021,3333
Goldy,Simounet,1987,6,4,50438,2018,3333
Kingsley,Balassi,1970,8,9,50441,2020,7777
Esdras,Victoria,1951,8,24,50444,2016,7777
Elisha,Riha,1981,5,14,50447,2021,5555
Stella,Reckhouse,1954,11,22,50450,2019,3333
Ali,Muschette,1997,2,20,50453,2019,5555
Kissie,Gwilym,1977,8,2,50456,2021,3333
Glad,Bungey,1996,6,27,50459,2020,3333
Clara,Lavielle,1956,1,16,50462,2015,7777
Kara,Denisard,1995,1,19,50465,2015,3333
Gwendolen,West-Frimley,1981,2,21,50468,2017,5555
Dave,Brussels,1997,10,3,50471,2020,5555
Dottie,Pardal,1956,5,7,50474,2019,5555
Alia,Tester,1950,12,12,50477,2015,7777
Joelly,Luchelli,1999,5,11,50480,2021,3333
Dollie,O'Fielly,1955,7,14,50483,2015,7777
Perry,Latliff,1997,8,8,50486,2016,7777
Annora,Fookes,1962,9,4,50489,2020,7777
Chiarra,Ballefant,1957,3,21,50492,2017,5555
Babette,Saker,1956,1,3,50495,2021,3333
Devinne,Pickring,1999,4,20,50498,2019,5555
Ernestine,Vlasin,2003,5,1,50501,2017,7777
Mortie,Neljes,1974,1,27,50504,2018,7777
Powell,Buckston,1998,12,7,50507,2018,7777
Jud,Salsberg,1953,2,15,50510,2021,5555
Roanne,Danit,1989,3,4,50513,2019,5555
Francene,Mee,1967,3,13,50516,2019,7777
Kailey,Avison,1984,1,11,50519,2021,3333
Teddi,Barbary,1999,8,26,50522,2016,5555
Susi,Cail,1981,11,27,50525,2015,7777
Gardner,Bettis,1977,3,4,50528,2021,7777
Levin,Hyder,1995,1,13,50531,2017,7777
Thomas,Kneller,2000,1,15,50534,2018,3333
Gertruda,Pickerin,2002,10,9,50537,2017,7777
Regine,Shortan,1959,8,20,50540,2016,7777
Hortensia,Bruin,1972,7,6,50543,2017,5555
Adria,Smorthit,1954,11,6,50546,2015,3333
Aurilia,Gurdon,2005,12,4,50549,2021,3333
Samuel,Broad,1964,4,27,50552,2015,7777
Daphna,Callaghan,2002,11,16,50555,2016,3333
Theresina,Savatier,1988,4,3,50558,2017,3333
Carine,Edinboro,2005,12,23,50561,2019,7777
Dwight,Obert,1987,3,3,50564,2021,7777
Bessy,Ince,1959,8,18,50567,2021,3333
Sutton,Phillps,1982,5,6,50570,2019,3333
Elwyn,Buswell,1978,1,26,50573,2021,5555
Orbadiah,Berkowitz,1998,2,22,50576,2019,3333
Caye,Kunze,1953,6,3,50579,2019,7777
Maxy,Tunmore,1963,5,14,50582,2018,7777
Bernelle,Ripon,1973,10,17,50585,2017,5555
Rudie,Draco,1976,3,8,50588,2015,7777
Sharon,Harpin,1987,9,26,50591,2018,7777
Toby,Norkett,1998,7,12,50594,2020,5555
Lari,Hazlegrove,1959,2,24,50597,2016,3333
Kimberli,Clemendot,1998,3,4,50600,2018,5555
Rafa,Skokoe,1991,4,3,50603,2019,5555
Jamey,Fulker,1981,5,11,50606,2018,7777
Ilsa,Keats,1968,4,16,50609,2016,5555
Zedekiah,Curnokk,1991,1,28,50612,2019,3333
Marla,Stepney,1957,5,3,50615,2016,5555
Cindra,Eplate,1990,12,17,50618,2018,5555
Jeramey,Garret,1962,11,10,50621,2021,3333
Rafaela,Buncom,1966,2,28,50624,2016,5555
Jarrett,Bellanger,1961,12,26,50627,2017,7777
Philipa,Casina,1957,9,8,50630,2017,7777
Grenville,Shergold,1975,6,12,50633,2017,7777
Renard,Tynemouth,1975,8,22,50636,2018,3333
Orelee,Bettles,2001,2,17,50639,2021,5555
Robb,Pim,1959,6,22,50642,2017,5555
Sarah,Slixby,1996,3,11,50645,2019,3333
Michaelina,Ezzell,1957,8,28,50648,2017,5555
Annabela,Gretton,1967,11,25,50651,2021,7777
Fax,Biddleston,1988,4,11,50654,2017,3333
Marlon,Sandyfirth,1953,9,16,50657,2016,3333
Teddie,Gillebride,1995,5,4,50660,2019,5555
Karel,Fruin,1950,4,22,50663,2017,5555
Aubrey,Norwood,1990,8,19,50666,2019,5555
Garold,MacCosto,1972,12,26,50669,2020,7777
Goldina,Eastope,1988,2,9,50672,2015,5555
Cassaundra,Anfusso,1974,9,17,50675,2019,5555
Lotta,Stubbert,1995,10,3,50678,2021,5555
Allis,Dunbabin,1971,6,6,50681,2020,7777
Archibaldo,Castaignet,1993,10,21,50684,2018,5555
Dot,Althorpe,1972,3,7,50687,2020,7777
Cammy,Rosina,1951,4,13,50690,2021,5555
Saunders,McLenaghan,1965,3,11,50693,2018,3333
Dagny,Loram,1990,6,19,50696,2018,7777
Burgess,Long,1967,1,16,50699,2018,7777
Hamil,Stutte,1993,3,18,50702,2015,3333
Netty,Sictornes,1973,5,12,50705,2019,7777
Tuckie,Galbraith,1970,8,3,50708,2021,7777
Gonzalo,Arpino,2002,9,13,50711,2018,3333
Aaron,Meechan,1986,4,28,50714,2015,3333
Chelsae,Longden,1951,4,23,50717,2017,3333
Lacy,Ferrandez,1992,11,27,50720,2016,3333
Elayne,Helis,2000,3,23,50723,2020,5555
Candi,Rankling,1999,4,15,50726,2018,7777
Florie,Lerego,2001,2,11,50729,2017,3333
Shelby,Jupp,2004,3,7,50732,2015,5555
Pierette,Rawlison,2004,10,22,50735,2017,5555
Tiffanie,Iannuzzelli,1970,8,6,50738,2018,5555
Ellis,Cullivan,1996,12,1,50741,2015,5555
Maggy,Innis,1966,8,5,50744,2021,3333
Alexandro,Seedull,1958,10,12,50747,2017,7777
Kristy,Dondon,2001,7,1,50750,2017,3333
Dorothee,Waycot,1952,7,18,50753,2021,5555
Ransell,Kennington,1960,1,16,50756,2017,7777
Tremain,Wardington,1972,12,2,50759,2017,3333
Carmina,Hellikes,1965,5,16,50762,2015,3333
Georgena,Purser,1999,4,19,50765,2017,5555
Marji,Cardoo,1994,4,16,50768,2018,3333
Fayette,Robinette,1955,3,24,50771,2015,5555
Hamilton,Kearney,1993,12,15,50774,2020,3333
Angelico,Davenhall,1996,1,7,50777,2021,5555
Eirena,Behning,1984,6,23,50780,2016,7777
Melly,Dake,1958,6,14,50783,2016,7777
Roanne,Prevett,1969,2,1,50786,2018,7777
Tann,Lomasna,1969,9,26,50789,2017,5555
Kelcey,Bountiff,1959,7,15,50792,2018,3333
Joshuah,Deans,1998,1,18,50795,2019,3333
Brennan,Serotsky,1990,10,14,50798,2018,3333
Fabio,Gatrill,1971,8,25,50801,2021,3333
Vincenz,Mowett,1953,11,17,50804,2018,5555
Alix,Leadbitter,2004,1,17,50807,2017,7777
Ashley,Leving,1974,2,1,50810,2021,5555
Anna-diane,Grinyov,1989,12,10,50813,2015,5555
Flo,Jarville,1976,2,5,50816,2019,5555
Dinah,Doche,1973,3,20,50819,2018,5555
Massimiliano,Sanbroke,2001,4,3,50822,2018,7777
Read,Shippard,1956,11,19,50825,2018,7777
Lara,Tarbet,1967,1,16,50828,2020,7777
Dwain,Firminger,1976,5,14,50831,2018,3333
Tatiania,Fairley,1965,4,13,50834,2020,5555
Alix,Goodlake,1971,10,15,50837,2017,3333
Kaia,McIlherran,1962,6,12,50840,2018,3333
Genni,Blennerhassett,1951,12,21,50843,2017,3333
Marika,Newbigging,1973,12,8,50846,2017,7777
Osborne,Spread,1998,1,22,50849,2017,3333
Chrissie,Twitchings,1968,6,4,50852,2020,5555
Lynnelle,Pinnington,1976,8,4,50855,2019,0000
Jess,Sanney,1979,10,13,50858,2019,3333
Dorothy,Mannock,1960,4,12,50861,2015,7777
Gib,Murie,1987,2,10,50864,2017,3333
Abba,Maggs,1978,7,24,50867,2021,3333
Beckie,Kenen,1986,6,2,50870,2016,7777
Irina,Lagadu,1997,9,7,50873,2017,7777
Kermit,Cowitz,1962,11,20,50876,2020,5555
Melva,Sabate,1997,7,18,50879,2020,7777
Tanhya,Challin,1956,7,28,50882,2021,7777
Kristina,Blouet,1974,12,11,50885,2020,7777
Sherwood,Janca,2005,9,5,50888,2018,5555
Emanuel,Kelshaw,1960,8,2,50891,2015,7777
Filmer,Adkins,2000,10,11,50894,2020,7777
Giuseppe,Gourley,1983,5,18,50897,2018,5555
Geoffry,Chellenham,1992,10,16,50900,2020,3333
Darb,Vicar,1978,4,16,50903,2020,5555
Vitoria,Sarsfield,1976,12,18,50906,2016,5555
Aristotle,Hucker,1953,7,18,50909,2020,3333
Hagan,Fasler,1983,8,19,50912,2016,7777
Juliet,Stickings,1985,9,16,50915,2019,7777
Skipper,Shakesbye,1963,1,5,50918,2018,7777
Delano,Rowen,2000,11,8,50921,2016,7777
Camey,Barrott,1997,4,9,50924,2019,3333
Brook,Lentsch,1973,2,2,50927,2021,7777
Berti,Apple,1983,5,10,50930,2016,3333
Yance,Pooly,2005,10,9,50933,2016,3333
Roseline,Durrell,1992,5,9,50936,2019,5555
Boyd,Lindro,1954,3,8,50939,2019,3333
Brianne,Potkin,1982,5,12,50942,2015,5555
Jacquenette,McCrone,1992,11,2,50945,2018,7777
Willem,Piddletown,1957,12,23,50948,2018,7777
Eulalie,Rubertis,2004,2,28,50951,2019,3333
Gelya,West-Frimley,1991,7,14,50954,2016,7777
Hilliary,Jekyll,1974,7,16,50957,2021,5555
Allie,Dies,1989,1,25,50960,2016,3333
Ty,Lunnon,1985,9,5,50963,2019,7777
Maddie,Van Son,1968,5,20,50966,2015,3333
Sal,East,1969,2,9,50969,2020,5555
Sosanna,Jenno,1965,7,26,50972,2021,3333
Starr,Colquit,1972,6,21,50975,2018,3333
Trace,Adanet,2000,12,24,50978,2018,5555
Alasteir,Brizell,1963,4,2,50981,2017,5555
Helsa,Fee,1995,12,13,50984,2020,5555
Orella,Tejada,2005,3,6,50987,2021,5555
Jolene,Whimper,1969,3,12,50990,2016,5555
Clay,Kolodziej,1962,2,23,50993,2019,3333
Devin,Brockherst,1976,11,27,50996,2016,7777
Sergei,McCarry,2001,7,12,50999,2020,3333
Andree,Conring,1959,5,20,51002,2021,3333
Waldemar,Flewin,1963,5,14,51005,2021,5555
Rea,Jess,1957,6,24,51008,2016,7777
Sande,Burle,2003,1,20,51011,2018,3333
Morrie,Trayhorn,1991,3,14,51014,2017,3333
Violante,Ruoss,1962,9,26,51017,2016,3333
Pierre,Wagstaffe,1959,4,26,51020,2017,3333
Barbie,Goalby,1987,1,9,51023,2020,7777
Brett,Gall,1988,10,26,51026,2021,7777
Corny,Timbs,1988,4,3,51029,2016,7777
Mersey,Tolerton,2000,12,12,51032,2015,5555
Lorettalorna,Stockney,1969,10,11,51035,2018,5555
Clara,Morley,1988,1,25,51038,2015,5555
Brooks,Mapholm,1958,11,25,51041,2021,7777
Esra,Tolson,2005,5,9,51044,2019,3333
Zerk,Sentance,1965,4,7,51047,2021,3333
Eimile,Doornbos,1981,12,1,51050,2018,7777
Merry,Kopf,1978,10,5,51053,2019,5555
Cornela,Killough,1963,2,21,51056,2021,7777
Aime,Warrier,1975,10,14,51059,2019,3333
Bronny,Petrik,1954,6,17,51062,2016,3333
Keenan,Philipsohn,1955,8,9,51065,2021,7777
Silvester,Adds,1977,9,8,51068,2017,3333
Briney,Schimon,2001,5,15,51071,2019,3333
Astrid,Dragonette,2004,6,6,51074,2018,7777
Carmine,Fruchon,1998,10,15,51077,2016,3333
Bryant,O'Kennavain,1956,12,25,51080,2021,3333
Corrie,Walsh,1990,8,26,51083,2015,3333
Ralph,Ewen,1984,5,10,51086,2015,3333
Tina,Village,1980,11,15,51089,2015,7777
Leah,Hayles,2003,5,5,51092,2015,7777
Marlowe,Rodear,1964,1,17,51095,2021,3333
Abby,Nials,1975,1,16,51098,2021,5555
Chaddie,George,2002,11,19,51101,2016,5555
Teodora,Claringbold,1987,2,1,51104,2018,5555
Lyssa,Cotesford,1974,11,15,51107,2019,5555
Alfie,Wisby,2003,5,7,51110,2015,5555
Mirabel,Sommerly,1981,8,11,51113,2019,5555
Carlo,Woolley,2004,2,19,51116,2015,3333
Dania,Searson,1985,2,25,51119,2021,3333
Toddie,Baggott,1963,5,10,51122,2021,5555
Herschel,Treacher,1979,5,8,51125,2017,3333
Bria,Kubicki,1958,9,28,51128,2017,7777
Belinda,Petrushanko,1959,4,22,51131,2017,5555
Dee dee,Exroll,1982,3,14,51134,2020,5555
Paulie,Ricciardi,1962,6,20,51137,2018,5555
Artus,Ledwidge,1969,6,10,51140,2015,3333
Husein,Belson,2001,6,2,51143,2017,5555
Joletta,Kruszelnicki,1958,7,21,51146,2021,3333
Kincaid,Fawdry,1975,7,7,51149,2018,3333
Anette,Bendall,1999,3,25,51152,2017,7777
Farley,Crothers,1977,7,8,51155,2019,5555
Glenda,Wayne,1958,10,5,51158,2016,7777
Vita,Vitler,1956,10,7,51161,2015,7777
Skelly,Rankine,1990,11,28,51164,2018,7777
Lindsay,Burman,1976,8,23,51167,2016,7777
Tricia,Worswick,1958,11,3,51170,2015,5555
Latrina,Gansbuhler,1974,6,22,51173,2017,3333
Krispin,Howbrook,1999,12,4,51176,2021,5555
Yetty,Conre,1970,3,18,51179,2019,5555
Tucky,Yardley,1986,9,27,51182,2016,5555
Godart,Altoft,1951,2,20,51185,2018,3333
Corilla,Rubinov,1983,12,15,51188,2016,7777
Kass,Brotherhead,1958,1,15,51191,2016,7777
Wiley,Challender,1986,11,10,51194,2017,7777
Laney,Billett,1994,5,2,51197,2018,7777
Germain,Klees,1989,6,22,51200,2019,7777
Archaimbaud,MacDunlevy,1970,7,16,51203,2018,7777
Casandra,Rennox,1991,5,25,51206,2020,7777
Neilla,Newton,2003,5,7,51209,2016,3333
Rock,Stennard,1961,12,25,51212,2015,3333
Donnell,Cutteridge,2004,9,15,51215,2016,5555
Farris,McGlynn,1999,1,19,51218,2016,7777
Seamus,Bellew,1990,7,24,51221,2017,3333
Garrott,Infantino,2005,8,2,51224,2015,5555
Dimitry,Ricart,1974,11,23,51227,2021,7777
Roderic,Olivazzi,1976,11,13,51230,2015,5555
Wallis,Dryden,1987,7,2,51233,2019,7777
Osbourn,Maggill'Andreis,1986,12,13,51236,2021,3333
Iggie,Lowrie,2001,8,4,51239,2020,5555
Waldo,Burges,2005,5,21,51242,2021,5555
Tabatha,Skipsea,1961,9,21,51245,2016,5555
Yolanda,Baxendale,2003,10,11,51248,2015,7777
Mozes,Smurfitt,2005,3,12,51251,2018,7777
Karon,Sebyer,1972,6,17,51254,2017,5555
Shela,Moloney,1971,2,21,51257,2016,7777
Quintana,McKillop,1997,6,4,51260,2020,3333
Juliann,Goad,2004,3,24,51263,2018,3333
Richart,Dmiterko,1970,12,1,51266,2017,5555
Andie,Dunridge,1973,4,4,51269,2016,7777
Zea,Withringten,1994,11,3,51272,2020,3333
Annnora,Cloughton,1995,7,13,51275,2021,7777
Christian,Hayley,1964,1,6,51278,2021,3333
Cody,Yetman,1974,8,23,51281,2017,7777
Stacee,Di Giacomo,1962,10,21,51284,2015,3333
Stevy,Serjent,2000,10,7,51287,2018,5555
Ashien,Ede,1984,3,14,51290,2020,7777
Malva,Hardstaff,1964,9,16,51293,2018,0000
Nestor,Brownsell,1979,12,17,51296,2021,5555
Artair,O'Carroll,1975,3,22,51299,2015,3333
Sharla,Walkington,1987,4,4,51302,2019,3333
Lanni,Mably,1999,3,20,51305,2021,3333
Kalil,Pryke,1981,7,28,51308,2020,5555
Madalyn,Billitteri,1991,6,27,51311,2016,3333
Mickey,Burcombe,1996,3,12,51314,2017,7777
Kessia,Dessaur,1976,8,9,51317,2016,5555
Dyana,Onele,1956,4,18,51320,2018,3333
Samuele,Knappe,1976,9,14,51323,2020,7777
Cosimo,Mollison,1973,10,13,51326,2016,3333
Brooks,Elford,1959,10,18,51329,2021,5555
Roi,Lacasa,2000,12,19,51332,2016,7777
Kellia,Masters,1952,7,19,51335,2016,3333
Anna-diane,Covington,1958,11,17,51338,2016,3333
Aline,Stoppe,1984,3,25,51341,2021,5555
Shurlocke,Mosdall,1954,10,19,51344,2020,5555
Melvyn,Moscrop,2004,10,3,51347,2021,3333
Adamo,Geldart,1973,2,20,51350,2021,7777
Pieter,Warsop,1951,4,7,51353,2020,7777
Hannis,Probet,1964,1,4,51356,2018,7777
Raddie,Grange,1953,12,5,51359,2020,5555
Pearline,Hubback,1984,2,26,51362,2016,7777
Antonella,Full,1970,8,7,51365,2018,7777
Andy,Stare,1980,11,26,51368,2016,7777
Amye,Mabbs,1956,10,25,51371,2017,5555
Janis,Goundsy,1958,2,17,51374,2020,0000
Muffin,Picott,1994,7,6,51377,2019,3333
Juditha,Jouhandeau,1958,6,26,51380,2015,5555
Lenette,Kubiczek,1998,4,10,51383,2017,7777
Kinny,Garbutt,1965,9,24,51386,2021,3333
Orelie,Larwell,1961,11,1,51389,2017,3333
Hyacinth,Kmicicki,1965,12,10,51392,2020,5555
Birch,Gay,1968,3,23,51395,2019,5555
Isabel,D'Aulby,1987,1,12,51398,2017,5555
Ximenez,Kynvin,1951,10,2,51401,2016,7777
Barton,Underdown,1967,2,3,51404,2015,7777
Rosella,Rosendale,1984,11,2,51407,2015,3333
Crista,Calvie,1982,5,7,51410,2015,5555
Marcel,Baudet,1993,5,7,51413,2019,3333
Godfrey,Furber,1997,8,15,51416,2016,7777
Amie,Ranns,1970,9,18,51419,2017,5555
Sigismund,Perillio,1969,7,14,51422,2017,7777
Roderigo,Yeaman,1977,3,23,51425,2019,5555
Wendell,Lope,1962,4,4,51428,2015,3333
Abner,Denerley,1996,11,14,51431,2016,7777
Caitrin,Markova,2004,8,23,51434,2021,5555
Vernon,Tremlett,1989,4,16,51437,2017,7777
Kyrstin,Click,1994,8,11,51440,2015,5555
Boris,Rowthorne,1974,4,5,51443,2020,5555
Shayna,Korejs,2001,10,6,51446,2015,3333
Granny,Tillard,2005,5,6,51449,2016,3333
Boothe,Jobling,1969,10,20,51452,2019,5555
Kerby,Kondratenya,1992,12,27,51455,2016,5555
Charissa,De L'Isle,1951,4,24,51458,2019,3333
Grenville,Strong,1956,12,16,51461,2017,3333
Ilyssa,Cheater,1980,1,7,51464,2021,7777
Terry,Eykelbosch,1995,4,12,51467,2018,5555
Angeli,Hovy,2001,7,8,51470,2015,3333
Billie,Dursley,1975,6,18,51473,2021,7777
Abagail,Attwill,2004,8,18,51476,2015,3333
Phyllis,Minucci,1976,12,26,51479,2021,3333
Hy,Arblaster,1980,1,26,51482,2017,7777
Kurtis,Muffen,1988,8,22,51485,2015,5555
Camile,Surplice,1980,6,8,51488,2018,7777
Dalia,Harrema,1972,3,11,51491,2017,3333
Fara,Haddrell,1960,6,25,51494,2016,7777
Yelena,Batchelor,1984,12,10,51497,2017,7777
Gabriele,Chesterton,1966,5,4,51500,2015,7777
Welsh,Holson,1958,6,13,51503,2018,5555
Ugo,Longina,1971,2,21,51506,2015,5555
Bernarr,Opie,1957,4,25,51509,2017,5555
Daffie,Jeppe,1974,5,18,51512,2020,7777
Kacie,Waight,1982,7,7,51515,2015,5555
Danni,Ephgrave,1982,9,14,51518,2015,5555
Jenna,Fossey,1975,12,19,51521,2017,3333
Chancey,Tolan,1987,3,19,51524,2018,3333
Dotti,Strewthers,1990,8,22,51527,2017,3333
Adeline,Solland,1988,11,17,51530,2016,7777
Lin,Gurton,1950,4,6,51533,2020,3333
Dru,Scase,1969,4,16,51536,2021,5555
Thacher,Marmion,1987,3,13,51539,2018,7777
Bonnee,Bakeup,2001,6,15,51542,2019,3333
Cari,Raylton,1972,8,11,51545,2020,5555
Allistir,Patmore,1989,9,6,51548,2017,3333
Valentino,Byatt,1968,7,22,51551,2017,3333
Corena,Bartomieu,1961,4,24,51554,2015,3333
Cyb,Larcher,1995,12,25,51557,2019,5555
Yvor,Aberdein,1969,9,26,51560,2019,3333
Merilyn,Drysdall,1961,1,4,51563,2020,3333
Clayson,Vasiltsov,1990,3,20,51566,2017,7777
Hartley,Rodie,1976,1,1,51569,2016,3333
Siusan,Chappelow,1953,10,6,51572,2018,3333
Byram,Malbon,2003,2,27,51575,2021,5555
Brit,Grimditch,1959,2,10,51578,2016,3333
Leslie,Flacknell,1996,12,20,51581,2018,3333
Kendall,Heigl,1979,6,27,51584,2020,3333
Mariska,Gewer,1952,2,1,51587,2018,3333
Gael,McGrory,1973,6,16,51590,2018,3333
Marvin,Brugger,1979,12,21,51593,2016,7777
Thor,Devennie,2005,6,15,51596,2020,5555
Arney,Langeley,1986,1,8,51599,2015,7777
Jeromy,Hasty,1988,4,19,51602,2019,5555
Asa,Ryle,1956,7,8,51605,2020,7777
Jodi,Boydell,1977,9,13,51608,2021,7777
Conn,Averall,1995,4,1,51611,2021,7777
Sigvard,Semerad,1958,2,9,51614,2017,7777
Nicholas,Attenborrow,1969,3,9,51617,2017,5555
Ramsay,Errett,1955,6,1,51620,2019,5555
Gus,Dunsmore,1998,10,15,51623,2017,7777
Bail,Casewell,1950,12,13,51626,2015,3333
Chaim,Davers,1986,1,1,51629,2020,3333
Carmela,Farge,1981,5,18,51632,2021,3333
Fabian,Dunsire,1951,9,9,51635,2020,3333
Laurie,Wield,1962,11,22,51638,2015,5555
Teddie,Illston,2001,2,7,51641,2016,3333
Kenneth,Canton,1991,5,3,51644,2015,3333
Hersch,Clohisey,1972,5,27,51647,2018,3333
Tammara,Glede,2004,3,8,51650,2018,5555
Jemmy,Chaudrelle,1998,8,15,51653,2018,3333
Willem,Audrey,1952,12,19,51656,2018,7777
Germain,Godsil,1967,4,2,51659,2017,3333
Jorry,Jeandeau,1988,11,5,51662,2018,7777
Godwin,Cardillo,1981,8,7,51665,2020,5555
Clareta,Chard,1993,10,2,51668,2016,7777
Tallie,Merle,1967,5,16,51671,2016,5555
Colet,Rosencwaig,1997,1,19,51674,2015,7777
Cherey,Wogan,2002,3,27,51677,2016,5555
Hedda,Crusham,1994,7,8,51680,2015,7777
Ethelda,Sculley,1956,3,1,51683,2016,3333
Lucine,Bapty,1971,1,23,51686,2019,7777
Mona,MacCawley,2001,10,11,51689,2015,3333
Selby,Everist,1989,12,18,51692,2020,5555
Rand,Crielly,1995,5,6,51695,2016,7777
Alane,Cobbled,1983,9,22,51698,2018,7777
Lannie,Crossland,1982,4,11,51701,2018,7777
Darryl,Gosnall,1994,2,4,51704,2021,3333
Levi,Neiland,1955,4,13,51707,2021,7777
Natty,Dunkerton,1982,6,27,51710,2020,3333
Thorny,Bromet,1953,1,15,51713,2018,7777
Dierdre,Gabbett,1957,6,6,51716,2015,7777
Esdras,Chinery,1963,10,16,51719,2018,7777
Tome,Stroton,1955,11,2,51722,2020,7777
Ole,Gollard,1972,2,18,51725,2020,7777
Elfrieda,Syder,1973,10,23,51728,2016,5555
Paulie,Feighney,1998,1,20,51731,2019,5555
Fanya,O'Leahy,1967,11,14,51734,2018,3333
Abby,Blewis,2003,3,22,51737,2017,5555
Jinny,Rivalant,1967,4,21,51740,2015,3333
Bennie,Forrest,2000,7,19,51743,2021,5555
Lynna,Dorracott,1980,3,11,51746,2015,7777
Sibyl,Kampshell,2004,12,16,51749,2021,3333
Hynda,McLagain,1981,3,9,51752,2016,5555
Luelle,Kaming,1974,9,13,51755,2016,7777
Darda,Pactat,1952,10,23,51758,2016,3333
Verile,Brisseau,1986,8,5,51761,2016,5555
Tyne,Fullman,1976,1,10,51764,2020,5555
Ardys,Knell,2001,7,4,51767,2018,5555
Lizbeth,Vasilenko,1962,7,19,51770,2018,7777
Morganne,Croisdall,1990,11,9,51773,2018,3333
Cayla,Eakin,1984,9,10,51776,2016,7777
Barbabas,McIan,1971,8,11,51779,2015,3333
Gracia,Nappin,1960,7,12,51782,2020,7777
Balduin,Boord,1995,3,15,51785,2017,3333
Koenraad,Stangoe,1957,4,17,51788,2021,5555
Sella,Landes,1977,3,7,51791,2020,3333
Taber,Servant,1960,12,10,51794,2019,7777
Wilma,Kidby,1959,10,12,51797,2021,3333
Bertie,Iozefovich,1992,1,8,51800,2019,5555
Candida,Kimm,1988,3,24,51803,2016,7777
Starlin,Cuell,1960,9,26,51806,2016,3333
Viki,McIlriach,2003,12,5,51809,2021,5555
Seward,Instrell,1963,3,9,51812,2018,3333
Davy,Arling,2003,11,12,51815,2016,7777
Alvera,Syers,1992,5,21,51818,2017,3333
Richmond,Atherley,1963,10,13,51821,2019,7777
Nerti,Male,1978,2,26,51824,2015,5555
Yurik,Fynan,1970,8,24,51827,2015,7777
Lacey,Saville,1981,10,13,51830,2020,5555
Tirrell,Shitliff,1960,10,4,51833,2021,3333
Griz,Readhead,1952,5,7,51836,2018,5555
Lamar,Guisler,1981,6,22,51839,2015,3333
Evangeline,Plant,1953,1,26,51842,2020,7777
Judon,Labbati,1975,1,21,51845,2015,7777
Grannie,Gutcher,1962,6,14,51848,2018,3333
Shandy,Barrowcliffe,1979,11,26,51851,2020,3333
Gill,Sidgwick,1987,6,27,51854,2019,7777
Bryce,Syvret,1969,2,6,51857,2021,5555
Bogey,Crucetti,1981,1,24,51860,2019,7777
Meta,Slegg,1972,7,4,51863,2015,3333
Lyndsie,Hover,1980,10,16,51866,2017,7777
Creighton,Friberg,1993,11,7,51869,2021,3333
Michel,Goodhew,1994,10,2,51872,2015,3333
Spense,Lukas,1954,4,5,51875,2021,7777
Hyatt,Found,1967,5,19,51878,2019,3333
Cordelia,Kynaston,1996,9,20,51881,2018,3333
Neilla,Pratley,1996,11,16,51884,2016,3333
Carena,Wixey,1989,4,6,51887,2019,3333
Stevena,Simm,2001,2,10,51890,2016,7777
Mason,Jordison,2001,2,8,51893,2015,5555
Joelly,Du Plantier,1999,12,1,51896,2020,5555
Lorrie,Itzcovich,1965,11,14,51899,2017,3333
Donia,Just,1976,7,5,51902,2021,3333
Ryun,Horsley,2002,5,24,51905,2021,5555
Waverly,Kupker,1973,8,6,51908,2021,7777
Ahmed,Coule,2003,1,11,51911,2020,5555
Byran,Jozsa,1956,11,11,51914,2021,3333
Lainey,Amesbury,1978,2,8,51917,2019,3333
Elisha,Prest,1976,6,15,51920,2021,7777
Valida,Jankowski,1999,5,21,51923,2020,3333
Jeffrey,Muschette,1978,9,25,51926,2016,7777
Normand,Dalliston,1989,5,20,51929,2016,7777
Lois,Farquarson,1997,10,22,51932,2021,5555
Forester,Vieyra,1986,4,5,51935,2018,7777
Curcio,Santacrole,1954,5,22,51938,2021,5555
Wit,Georgot,1958,11,6,51941,2020,3333
Mackenzie,Beardsdale,2005,1,28,51944,2018,5555
Erik,Rival,1988,1,16,51947,2017,3333
Tobe,Rowthorne,1952,11,20,51950,2018,5555
Marget,O'Flaverty,2003,1,23,51953,2017,3333
Cam,Forbear,1999,6,2,51956,2020,7777
Jada,Tunuy,1968,10,18,51959,2021,3333
Jaquenetta,Ayto,1985,11,12,51962,2020,3333
Aimil,Crutchfield,1964,5,5,51965,2021,7777
Lola,Willmore,1992,11,10,51968,2021,3333
Babs,Dowry,1998,9,21,51971,2019,5555
Maxine,Juste,1997,6,2,51974,2021,7777
Katrina,Bendall,1983,9,12,51977,2016,7777
Joannes,Slayford,1959,3,13,51980,2016,7777
Jeanie,Willshear,1998,7,14,51983,2015,5555
Cathie,Skeleton,1998,8,14,51986,2018,3333
Tonye,Coe,1971,12,20,51989,2015,7777
Velma,Margetts,2005,9,13,51992,2017,7777
Land,Drugan,1963,3,9,51995,2018,7777
Theodore,Fogel,1984,12,18,51998,2020,7777
Jan,Schermick,1983,7,1,52001,2016,3333
Cecil,Butteris,1969,6,13,52004,2021,5555
Jose,Freire,1958,9,5,52007,2020,5555
Izak,Mulrean,1984,7,4,52010,2017,7777
Barde,Stathers,1966,2,26,52013,2019,7777
Eimile,Muriel,1952,6,11,52016,2021,5555
Van,Rehorek,2004,1,11,52019,2020,7777
Wendy,Jurewicz,1972,9,8,52022,2016,5555
Jourdan,Allridge,1962,5,20,52025,2018,7777
Anna-diana,Swayton,1989,12,14,52028,2017,7777
Wendy,Ferroni,1995,8,5,52031,2021,5555
Noreen,Roughan,1995,8,2,52034,2015,3333
Pollyanna,Gedling,1999,8,12,52037,2020,7777
Consuela,Hearne,1991,11,5,52040,2019,7777
Elsey,Woodham,1965,3,5,52043,2015,7777
Alleen,Fordham,1968,4,26,52046,2015,3333
Krisha,Gorghetto,1958,5,7,52049,2015,3333
Fidelity,Birchall,2000,5,18,52052,2020,5555
Henrie,Hembling,1988,12,17,52055,2019,5555
Marlo,Randalson,1968,3,17,52058,2015,5555
Carter,Farrow,1967,4,23,52061,2020,7777
Rayna,Midgely,2001,12,13,52064,2016,7777
Cy,Jerdein,1970,11,17,52067,2020,7777
Rustin,Davidai,1972,7,6,52070,2021,7777
Hamlen,Gingel,1992,4,16,52073,2020,3333
Cart,Spick,1957,9,3,52076,2020,7777
Wallace,Clampett,1955,1,18,52079,2021,3333
Bebe,Shambroke,1955,2,28,52082,2019,3333
Filberto,Liddy,1959,2,8,52085,2015,7777
Velma,Longden,1951,1,16,52088,2018,3333
Krissie,Breedy,1960,12,16,52091,2021,7777
Deeann,Hanratty,1979,11,19,52094,2021,5555
Krishnah,Chastand,1954,6,16,52097,2020,5555
Cord,Agastina,1975,12,18,52100,2017,3333
Vivia,Sapir,1985,11,16,52103,2020,7777
Kassey,Llywarch,1966,12,22,52106,2021,5555
Errick,Sussams,1964,11,16,52109,2019,3333
Stacie,Dabrowski,1986,7,2,52112,2015,5555
Phedra,Ipsly,1981,12,12,52115,2018,7777
Chelsy,Grigg,1989,5,24,52118,2019,5555
Aundrea,Tosney,1952,3,27,52121,2020,5555
Fitzgerald,Nashe,1988,12,24,52124,2015,3333
Graeme,Karpenko,1961,9,12,52127,2017,5555
Maddy,Courtenay,1972,7,1,52130,2020,5555
Marys,Fronks,1952,11,17,52133,2018,7777
Ivan,Gumery,2003,10,14,52136,2020,7777
Sula,Fardell,1959,4,17,52139,2016,5555
Nancee,Gascoigne,1977,3,15,52142,2016,5555
Alvera,Pepperell,2002,1,6,52145,2017,5555
Joice,Dury,1977,12,5,52148,2021,3333
Caria,Collomosse,1999,10,9,52151,2020,5555
Sheffie,Airey,1979,2,14,52154,2019,5555
Adams,Huck,2005,6,18,52157,2019,7777
Becky,Fidele,1959,8,3,52160,2017,3333
Wrennie,Kleinhandler,1970,7,10,52163,2020,5555
Conchita,Pfeifer,1971,12,5,52166,2018,3333
Abagail,Woodington,1991,4,12,52169,2021,3333
Freddy,Dwyr,1968,3,10,52172,2017,5555
Mireille,Baigrie,1970,3,13,52175,2020,3333
Freddie,Mosdell,1963,5,13,52178,2021,5555
Truda,Maudlin,1966,7,28,52181,2020,3333
Nadine,Goracci,1953,7,16,52184,2017,5555
Griswold,Shilliday,1976,9,6,52187,2019,5555
Roma,Duffet,1965,10,5,52190,2020,5555
Nancee,Sansome,1981,7,9,52193,2017,7777
Eva,Scriven,1987,8,26,52196,2015,5555
Mavra,Maymond,1956,8,27,52199,2019,7777
Benny,Colthard,1980,3,19,52202,2018,3333
Jeniece,Assandri,1965,12,4,52205,2021,5555
Neila,McClune,1968,1,11,52208,2019,3333
Honey,McLagain,1973,1,24,52211,2016,5555
Tonya,Elecum,1953,4,3,52214,2020,7777
Shandee,Olivetta,1962,8,27,52217,2015,7777
Obed,Le Lievre,2005,7,5,52220,2016,7777
Truman,Pettersen,1976,2,16,52223,2015,7777
Sarajane,Lopes,1977,11,18,52226,2019,7777
Ferne,Meineken,1993,3,18,52229,2015,7777
Pauli,Dunston,1964,7,5,52232,2017,5555
Gwennie,Keinrat,1969,9,18,52235,2021,5555
Vick,Cluderay,1976,7,6,52238,2020,3333
Frazier,Nardi,1962,10,15,52241,2015,7777
Claus,Bayne,1959,9,25,52244,2015,7777
Lancelot,Tuvey,1999,4,15,52247,2021,3333
Ladonna,Dunsleve,1958,5,14,52250,2019,5555
Codie,Poyner,1968,7,17,52253,2021,7777
Pavia,Covely,1958,3,6,52256,2015,3333
Dominic,Dearth,1997,11,3,52259,2019,5555
Marjy,Covotto,1966,3,27,52262,2021,5555
Cari,Huonic,1957,6,6,52265,2018,3333
Roxanne,Ower,1951,9,10,52268,2019,5555
Ethelred,Kullmann,1992,9,25,52271,2021,7777
Teddy,Jeannenet,1958,9,16,52274,2020,5555
Alejoa,Illing,1979,9,25,52277,2019,3333
Reeta,Greenhall,1988,8,14,52280,2016,7777
Micheal,Allberry,1980,1,13,52283,2018,7777
Saba,Shoesmith,1987,3,21,52286,2021,5555
Ola,Perkins,1974,5,13,52289,2020,5555
Emilie,Sarfati,2003,10,18,52292,2019,3333
Maddi,Pyrah,1986,9,6,52295,2018,5555
Doll,Spurrior,1988,10,19,52298,2018,7777
Lula,Withrop,1985,6,3,52301,2019,7777
Salim,Curedale,1959,12,13,52304,2019,5555
Ondrea,Daniely,1955,12,18,52307,2015,3333
Barrie,De Cristofalo,1955,6,13,52310,2015,3333
Lorilyn,Farfoot,2001,8,18,52313,2018,5555
Lily,Boniface,1969,11,10,52316,2019,7777
Cullan,Maudson,1976,10,1,52319,2017,5555
Virge,Kem,1958,4,25,52322,2017,3333
Antoine,Esposi,1950,2,21,52325,2015,7777
Pen,Coppock.,1988,5,10,52328,2021,3333
Tasia,Clampin,1994,5,9,52331,2021,7777
Urban,Silcocks,1974,2,14,52334,2020,7777
Ailene,Hogbourne,1999,9,6,52337,2020,5555
Arlyn,Bourner,1955,6,9,52340,2021,5555
Di,Slides,1957,1,8,52343,2021,5555
Hedvige,Revill,1987,6,11,52346,2017,7777
Ofella,Bartalot,1955,8,21,52349,2020,3333
Berri,Vogeller,1968,11,19,52352,2015,5555
Alfy,Crilly,1992,9,14,52355,2016,5555
Ingrid,Wickett,1954,11,3,52358,2019,7777
Vina,Kroger,1988,6,8,52361,2020,5555
Lance,Haensel,1985,10,3,52364,2015,5555
Wilmar,Donaway,1994,5,13,52367,2020,7777
Kalina,Muncer,1971,7,19,52370,2020,5555
Mychal,Farquhar,2004,7,18,52373,2018,5555
Ginelle,Rubbens,2005,9,12,52376,2016,7777
Susan,Veldman,1986,4,23,52379,2021,5555
Gwennie,Uman,2005,7,2,52382,2020,5555
Renee,Dudny,1962,10,1,52385,2018,7777
Nari,Traylen,1998,12,7,52388,2016,7777
Brittney,Lidgley,1974,6,11,52391,2016,3333
Siusan,Weiss,1966,1,21,52394,2017,7777
Boigie,Ilyunin,1999,6,11,52397,2015,7777
Josi,Van der Hoeven,1982,2,23,52400,2021,3333
Elsworth,Duffy,1977,7,18,52403,2015,7777
Sherri,Huniwall,1958,7,24,52406,2016,3333
Vanessa,Lampet,1954,7,17,52409,2018,3333
Berna,Albany,1968,10,21,52412,2015,3333
Cecilius,Zucker,1985,8,17,52415,2021,7777
Koo,McKerron,1983,10,22,52418,2018,7777
Crawford,Mc-Kerley,1995,2,21,52421,2017,3333
Brenna,Jakubski,1983,8,11,52424,2021,3333
Evangelin,Coggon,1970,7,27,52427,2020,7777
Clementius,Gerrels,1970,1,21,52430,2021,7777
Mickey,Wilton,1988,9,19,52433,2015,5555
Cindelyn,Kubalek,2004,2,7,52436,2019,5555
Corey,Springham,1994,2,13,52439,2020,7777
Dickie,Blennerhassett,1992,11,24,52442,2018,5555
Kayley,Pettendrich,1954,2,27,52445,2019,5555
Lonee,Oldfield,1968,1,25,52448,2020,3333
Jessalin,Maudling,2004,9,25,52451,2018,7777
Charity,Alcorn,1979,4,18,52454,2019,5555
Gabby,Lavis,1964,12,20,52457,2021,3333
Bentlee,D'Antonio,1980,5,15,52460,2020,3333
Sapphire,Conklin,1989,10,18,52463,2015,3333
Rudy,Manford,1966,12,9,52466,2018,3333
Edie,Fratczak,1985,10,9,52469,2019,7777
Elita,Lempel,1974,7,1,52472,2017,5555
Karyn,Brigginshaw,1982,9,11,52475,2017,5555
Gearalt,Poyser,1987,9,7,52478,2018,7777
Warner,Wyldbore,1952,6,22,52481,2017,7777
Faun,Crean,1955,7,24,52484,2021,7777
Anetta,Attewell,1968,6,12,52487,2021,7777
Lynne,Sowrey,1998,9,24,52490,2020,5555
Othilia,Sygroves,1958,6,9,52493,2016,7777
Prentice,Ondrusek,1952,6,25,52496,2017,7777
Kipp,Giron,1951,12,2,52499,2016,5555
Nadiya,Konke,1964,8,18,52502,2015,7777
Flss,Gambie,1952,9,18,52505,2015,3333
Kellsie,Eake,2003,4,27,52508,2017,7777
Sigismund,Bethune,1997,1,7,52511,2018,7777
George,McNee,1950,1,16,52514,2017,7777
Ardisj,Inker,2001,7,9,52517,2021,3333
Roxi,Devonish,1952,2,16,52520,2015,7777
Revkah,Cammis,1993,11,3,52523,2019,7777
Rubin,Creaser,1960,5,21,52526,2021,5555
Ronnica,Borsnall,1985,7,22,52529,2017,3333
Glynnis,Lavers,2003,10,25,52532,2018,7777
Harcourt,Sandon,1989,11,20,52535,2017,5555
Dawna,Tasker,1967,10,5,52538,2021,7777
Nickolai,Oliphand,1980,9,6,52541,2021,3333
Ilysa,Dishmon,1967,2,25,52544,2021,7777
Drusi,Deuss,1982,12,27,52547,2021,5555
Kimball,Pringer,1996,5,23,52550,2016,3333
Queenie,Matyasik,1993,8,18,52553,2017,5555
Erda,Huston,1950,2,14,52556,2017,7777
Gabbie,Ipgrave,1981,11,26,52559,2019,7777
Burl,Balazs,1951,8,22,52562,2016,5555
Melicent,Bonafant,2002,5,6,52565,2017,5555
Deidre,Kingsworth,1995,8,9,52568,2017,7777
Conney,MacGuffog,1972,9,18,52571,2020,7777
Dalt,Mothersdale,1971,4,22,52574,2021,3333
Marin,Mulkerrins,1959,7,11,52577,2016,3333
Benedicta,Smallpeice,2001,1,25,52580,2015,5555
Clayborne,Cadd,1968,10,7,52583,2019,7777
Lela,Kyrkeman,1990,5,16,52586,2018,5555
Julia,Rohloff,1989,5,27,52589,2016,3333
Fae,Maccaig,1971,6,3,52592,2017,3333
Breena,Wadly,1975,2,17,52595,2018,5555
Obidiah,Palley,1994,6,27,52598,2017,7777
Moira,Chauvey,1996,9,17,52601,2021,5555
Mirabelle,Pabelik,1995,11,3,52604,2017,3333
Cos,Leidecker,1953,7,2,52607,2020,3333
Vilma,O'Caherny,1959,11,14,52610,2020,7777
Marlon,Skechley,1986,1,9,52613,2021,7777
Ferdinand,Townson,2005,2,4,52616,2019,5555
Almeta,McGowan,2005,12,17,52619,2019,7777
Ailbert,Blythe,1962,4,20,52622,2017,7777
Demetre,Sokell,1974,8,18,52625,2021,7777
Farleigh,Gretton,2002,11,22,52628,2016,7777
Sibbie,Bateup,1969,4,4,52631,2016,5555
Tara,Gavahan,1967,8,25,52634,2021,5555
Demetris,Lantuffe,1958,10,10,52637,2016,5555
Joana,Gilbertson,1989,8,4,52640,2020,7777
Maddy,McIlvaney,1958,5,20,52643,2018,5555
Siana,MacAirt,1978,12,18,52646,2016,3333
Consalve,Riccelli,1960,1,25,52649,2020,7777
Kalinda,Trowsdall,1971,7,3,52652,2016,7777
Shea,Ropkes,1977,2,13,52655,2016,7777
Gena,Toping,1959,5,17,52658,2015,3333
Gusella,Muscat,2005,1,19,52661,2017,3333
Ludvig,Mc Harg,1969,5,27,52664,2017,7777
Chane,Griffith,1961,1,1,52667,2017,7777
Onfre,Fiddeman,1958,5,27,52670,2021,5555
Meghan,Hessentaler,1962,2,2,52673,2021,7777
Raf,Werny,1951,3,2,52676,2021,3333
Ingaborg,Rechert,1986,12,1,52679,2019,3333
Benjie,Astlett,1956,1,1,52682,2020,7777
Alejandra,Duxbury,2004,2,17,52685,2020,7777
Jocelyne,Ludvigsen,1979,12,25,52688,2017,3333
Melicent,Falck,1968,10,16,52691,2021,5555
Deva,Jull,1971,3,3,52694,2017,5555
Ashien,Cowburn,2005,12,26,52697,2015,7777
Rozalin,Heatherington,1963,5,18,52700,2019,5555
Wilmer,Brownhill,1984,9,27,52703,2018,7777
Winnie,Dummett,1986,1,3,52706,2019,3333
Geoffrey,Orthmann,1962,1,16,52709,2018,3333
Abraham,Guest,1985,9,12,52712,2017,7777
Melisandra,Judgkins,1970,4,7,52715,2017,3333
Odetta,Jorry,1980,10,13,52718,2017,3333
Stefan,Weatherburn,1987,1,24,52721,2020,3333
Mariana,Paddeley,1965,1,8,52724,2015,7777
Gerta,Rickardsson,1966,9,13,52727,2015,3333
Millicent,Gronow,1993,11,23,52730,2018,5555
Loise,Mignot,1995,6,3,52733,2017,7777
Kettie,Maso,1998,2,5,52736,2017,3333
Kerry,Aked,1954,4,7,52739,2016,7777
Rik,Brandom,1967,1,18,52742,2020,3333
Leonanie,Dacey,1963,5,23,52745,2015,5555
Kennett,Turville,1966,2,11,52748,2015,3333
Blanca,Folger,1988,10,8,52751,2020,5555
Ogden,Sinfield,2000,8,28,52754,2015,5555
Zollie,Bodycote,1970,5,7,52757,2016,3333
Ruthie,Vonderdell,1984,6,25,52760,2018,5555
Sibilla,Siddons,1996,3,11,52763,2020,3333
Charita,Aldous,1996,9,3,52766,2020,5555
Thornie,Furphy,1977,9,21,52769,2018,5555
Nickie,Munro,1959,1,5,52772,2016,7777
Faustine,Woolfoot,1983,5,18,52775,2015,3333
Oona,Swatridge,1986,12,2,52778,2021,3333
Bonny,Job,1991,10,22,52781,2015,7777
Isabelle,Benza,1982,5,10,52784,2015,3333
Yasmeen,Tenny,1985,4,10,52787,2016,3333
Pru,Bonifazio,1997,2,26,52790,2017,5555
Florry,Willatt,1976,11,21,52793,2018,5555
Ade,McGuane,1982,5,6,52796,2021,7777
Inessa,Deeks,2001,6,17,52799,2015,7777
Siffre,Sivorn,1956,10,22,52802,2016,5555
Rikki,Kenderdine,1988,7,23,52805,2016,5555
James,McCrillis,2005,7,20,52808,2021,7777
Normie,Rummer,1985,10,23,52811,2018,5555
Ophelia,Reeders,1966,11,16,52814,2021,7777
Timmie,Babb,1991,8,22,52817,2019,7777
Fredericka,Whitford,1983,7,1,52820,2017,7777
Hilary,Willder,1953,1,2,52823,2020,3333
Mollee,Storres,1988,10,22,52826,2020,7777
Pacorro,Parkeson,1983,1,8,52829,2017,7777
Delano,Sanday,1989,10,16,52832,2019,5555
Ros,Overstreet,2002,11,10,52835,2020,5555
Corine,Austick,1959,12,6,52838,2017,7777
Joy,Ekins,2002,10,19,52841,2018,3333
Shermie,Rosone,1957,11,19,52844,2016,7777
Flynn,Goulstone,1955,5,22,52847,2020,7777
Marsha,Smeath,1960,9,2,52850,2016,5555
Melodie,Riguard,1988,12,22,52853,2021,7777
Nikolai,Marcos,1954,4,14,52856,2017,3333
Kelby,McOmish,2000,6,8,52859,2015,3333
Stanly,Donnan,1957,1,16,52862,2019,3333
Parke,Greenstreet,1951,7,10,52865,2021,5555
Jasmin,Dombrell,1992,6,20,52868,2017,5555
Solomon,Streeting,1975,11,20,52871,2018,3333
Kinny,Simcock,1979,6,27,52874,2016,3333
Dorotea,Cawley,1958,7,10,52877,2018,5555
Greer,Weeke,1957,6,3,52880,2018,7777
Kyrstin,Byatt,1993,8,19,52883,2019,5555
Lark,Cosley,1990,5,17,52886,2020,7777
Rik,Dooher,1995,12,20,52889,2021,7777
Bron,Blucher,1950,12,9,52892,2016,5555
Minette,Lovick,1962,4,14,52895,2015,3333
Torie,Piquard,1987,8,21,52898,2017,7777
Heinrik,Radmore,1962,12,1,52901,2018,5555
Tucker,Hurne,1962,1,9,52904,2019,3333
Lucky,Wyd,1965,3,8,52907,2015,5555
Ashlie,Conechie,1956,10,23,52910,2017,7777
Paxon,Sponder,1991,1,9,52913,2018,5555
Francis,Verrills,1961,1,26,52916,2017,3333
Chryste,Atwater,1989,3,7,52919,2020,7777
Alaric,Iacomo,1957,6,15,52922,2015,7777
Siegfried,Kelleher,1957,10,24,52925,2019,5555
Maxwell,Kingcote,1950,8,5,52928,2018,7777
Archambault,Kemsley,1959,10,18,52931,2019,3333
Bruce,Pflieger,2002,12,18,52934,2020,7777
Kirsten,Readshaw,1983,1,1,52937,2019,5555
Bambi,Stopper,1965,12,10,52940,2015,7777
Steve,Dalloway,1995,2,10,52943,2015,3333
Christine,Havvock,1971,7,13,52946,2021,3333
Ari,Klimp,1985,7,18,52949,2020,3333
Kathryne,Ramel,1958,5,26,52952,2018,5555
Sanford,Dearnley,1972,7,2,52955,2017,7777
Benito,Beange,1990,8,2,52958,2015,3333
Alberto,Patsall,1952,4,21,52961,2016,3333
Clarance,Nelthropp,2000,11,1,52964,2017,7777
Britt,Cuming,1984,11,22,52967,2017,3333
Flin,Brent,1995,2,23,52970,2017,3333
Fredrika,Earthfield,1970,11,22,52973,2017,0000
Fanechka,Parman,1965,12,11,52976,2017,7777
Kizzie,Boxe,2001,7,25,52979,2018,3333
Haley,Searles,1959,12,5,52982,2021,7777
Myrta,Danihelka,1998,11,18,52985,2020,7777
Gregorius,Glaum,1971,2,27,52988,2021,5555
Matilde,Barlee,1951,4,7,52991,2021,5555
Sharleen,Dudbridge,1969,4,15,52994,2019,5555
Amara,Crowson,1965,6,25,52997,2020,3333
Alaric,Dearnley,1972,8,14,53000,2019,3333